Timestamp,Provider,Counter Name,Counter Type,Mean/Increment
9/20/2019 10:43:39 PM,System.Runtime,CPU Usage,Metric,0
9/20/2019 10:43:41 PM,System.Runtime,Working Set,Metric,21
9/20/2019 10:43:41 PM,System.Runtime,GC Heap Size,Metric,2
9/20/2019 10:43:41 PM,System.Runtime,Gen 0 GC Count / 0 sec,Rate,0
9/20/2019 10:43:41 PM,System.Runtime,Gen 1 GC Count / 0 sec,Rate,0
9/20/2019 10:43:41 PM,System.Runtime,Gen 2 GC Count / 0 sec,Rate,0
9/20/2019 10:43:41 PM,System.Runtime,Exception Count / 1 sec,Rate,0
9/20/2019 10:43:41 PM,System.Runtime,ThreadPool Thread Count,Metric,0
9/20/2019 10:43:41 PM,System.Runtime,Monitor Lock Contention Count / 1 sec,Rate,0
9/20/2019 10:43:41 PM,System.Runtime,ThreadPool Queue Length,Metric,0
9/20/2019 10:43:41 PM,System.Runtime,ThreadPool Completed Work Item Count / 1 sec,Rate,0
9/20/2019 10:43:41 PM,System.Runtime,% Time in GC since last GC,Metric,0
9/20/2019 10:43:41 PM,System.Runtime,Gen 0 Size,Metric,0
9/20/2019 10:43:41 PM,System.Runtime,Gen 1 Size,Metric,0
9/20/2019 10:43:41 PM,System.Runtime,Gen 2 Size,Metric,0
9/20/2019 10:43:41 PM,System.Runtime,LOH Size,Metric,0
9/20/2019 10:43:41 PM,System.Runtime,Allocation Rate / 1 sec,Rate,8152
9/20/2019 10:43:41 PM,System.Runtime,Number of Assemblies Loaded,Metric,10
9/20/2019 10:43:41 PM,System.Runtime,Number of Active Timers,Metric,0
9/20/2019 10:43:41 PM,System.Runtime,CPU Usage,Metric,0
9/20/2019 10:43:42 PM,System.Runtime,Working Set,Metric,21
9/20/2019 10:43:42 PM,System.Runtime,GC Heap Size,Metric,2
9/20/2019 10:43:42 PM,System.Runtime,Gen 0 GC Count / 0 sec,Rate,0
9/20/2019 10:43:42 PM,System.Runtime,Gen 1 GC Count / 0 sec,Rate,0
9/20/2019 10:43:42 PM,System.Runtime,Gen 2 GC Count / 0 sec,Rate,0
9/20/2019 10:43:42 PM,System.Runtime,Exception Count / 1 sec,Rate,0
9/20/2019 10:43:42 PM,System.Runtime,ThreadPool Thread Count,Metric,0
9/20/2019 10:43:42 PM,System.Runtime,Monitor Lock Contention Count / 1 sec,Rate,0
9/20/2019 10:43:42 PM,System.Runtime,ThreadPool Queue Length,Metric,0
9/20/2019 10:43:42 PM,System.Runtime,ThreadPool Completed Work Item Count / 1 sec,Rate,0
9/20/2019 10:43:42 PM,System.Runtime,% Time in GC since last GC,Metric,0
9/20/2019 10:43:42 PM,System.Runtime,Gen 0 Size,Metric,0
9/20/2019 10:43:42 PM,System.Runtime,Gen 1 Size,Metric,0
9/20/2019 10:43:42 PM,System.Runtime,Gen 2 Size,Metric,0
9/20/2019 10:43:42 PM,System.Runtime,LOH Size,Metric,0
9/20/2019 10:43:42 PM,System.Runtime,Allocation Rate / 1 sec,Rate,0
9/20/2019 10:43:42 PM,System.Runtime,Number of Assemblies Loaded,Metric,10
9/20/2019 10:43:42 PM,System.Runtime,Number of Active Timers,Metric,0
9/20/2019 10:43:42 PM,System.Runtime,CPU Usage,Metric,0
9/20/2019 10:43:42 PM,System.Runtime,Working Set,Metric,21
9/20/2019 10:43:42 PM,System.Runtime,GC Heap Size,Metric,2
9/20/2019 10:43:42 PM,System.Runtime,Gen 0 GC Count / 0 sec,Rate,0
9/20/2019 10:43:42 PM,System.Runtime,Gen 1 GC Count / 0 sec,Rate,0
9/20/2019 10:43:42 PM,System.Runtime,Gen 2 GC Count / 0 sec,Rate,0
9/20/2019 10:43:42 PM,System.Runtime,Exception Count / 1 sec,Rate,0
9/20/2019 10:43:42 PM,System.Runtime,ThreadPool Thread Count,Metric,0
9/20/2019 10:43:42 PM,System.Runtime,Monitor Lock Contention Count / 1 sec,Rate,0
9/20/2019 10:43:42 PM,System.Runtime,ThreadPool Queue Length,Metric,0
9/20/2019 10:43:42 PM,System.Runtime,ThreadPool Completed Work Item Count / 1 sec,Rate,0
9/20/2019 10:43:42 PM,System.Runtime,% Time in GC since last GC,Metric,0
9/20/2019 10:43:42 PM,System.Runtime,Gen 0 Size,Metric,0
9/20/2019 10:43:42 PM,System.Runtime,Gen 1 Size,Metric,0
9/20/2019 10:43:42 PM,System.Runtime,Gen 2 Size,Metric,0
9/20/2019 10:43:42 PM,System.Runtime,LOH Size,Metric,0
9/20/2019 10:43:42 PM,System.Runtime,Allocation Rate / 1 sec,Rate,8168
9/20/2019 10:43:42 PM,System.Runtime,Number of Assemblies Loaded,Metric,10
9/20/2019 10:43:42 PM,System.Runtime,Number of Active Timers,Metric,0
9/20/2019 10:43:42 PM,System.Runtime,CPU Usage,Metric,0
9/20/2019 10:43:44 PM,System.Runtime,Working Set,Metric,21
9/20/2019 10:43:44 PM,System.Runtime,GC Heap Size,Metric,2
9/20/2019 10:43:44 PM,System.Runtime,Gen 0 GC Count / 0 sec,Rate,0
9/20/2019 10:43:44 PM,System.Runtime,Gen 1 GC Count / 0 sec,Rate,0
9/20/2019 10:43:44 PM,System.Runtime,Gen 2 GC Count / 0 sec,Rate,0
9/20/2019 10:43:44 PM,System.Runtime,Exception Count / 1 sec,Rate,0
9/20/2019 10:43:44 PM,System.Runtime,ThreadPool Thread Count,Metric,0
9/20/2019 10:43:44 PM,System.Runtime,Monitor Lock Contention Count / 1 sec,Rate,0
9/20/2019 10:43:44 PM,System.Runtime,ThreadPool Queue Length,Metric,0
9/20/2019 10:43:44 PM,System.Runtime,ThreadPool Completed Work Item Count / 1 sec,Rate,0
9/20/2019 10:43:44 PM,System.Runtime,% Time in GC since last GC,Metric,0
9/20/2019 10:43:44 PM,System.Runtime,Gen 0 Size,Metric,0
9/20/2019 10:43:44 PM,System.Runtime,Gen 1 Size,Metric,0
9/20/2019 10:43:44 PM,System.Runtime,Gen 2 Size,Metric,0
9/20/2019 10:43:44 PM,System.Runtime,LOH Size,Metric,0
9/20/2019 10:43:44 PM,System.Runtime,Allocation Rate / 1 sec,Rate,8160
9/20/2019 10:43:44 PM,System.Runtime,Number of Assemblies Loaded,Metric,10
9/20/2019 10:43:44 PM,System.Runtime,Number of Active Timers,Metric,0
9/20/2019 10:43:44 PM,System.Runtime,CPU Usage,Metric,0
9/20/2019 10:43:44 PM,System.Runtime,Working Set,Metric,21
9/20/2019 10:43:44 PM,System.Runtime,GC Heap Size,Metric,2
9/20/2019 10:43:44 PM,System.Runtime,Gen 0 GC Count / 0 sec,Rate,0
9/20/2019 10:43:44 PM,System.Runtime,Gen 1 GC Count / 0 sec,Rate,0
9/20/2019 10:43:44 PM,System.Runtime,Gen 2 GC Count / 0 sec,Rate,0
9/20/2019 10:43:44 PM,System.Runtime,Exception Count / 1 sec,Rate,0
9/20/2019 10:43:44 PM,System.Runtime,ThreadPool Thread Count,Metric,0
9/20/2019 10:43:44 PM,System.Runtime,Monitor Lock Contention Count / 1 sec,Rate,0
9/20/2019 10:43:44 PM,System.Runtime,ThreadPool Queue Length,Metric,0
9/20/2019 10:43:44 PM,System.Runtime,ThreadPool Completed Work Item Count / 1 sec,Rate,0
9/20/2019 10:43:44 PM,System.Runtime,% Time in GC since last GC,Metric,0
9/20/2019 10:43:44 PM,System.Runtime,Gen 0 Size,Metric,0
9/20/2019 10:43:44 PM,System.Runtime,Gen 1 Size,Metric,0
9/20/2019 10:43:44 PM,System.Runtime,Gen 2 Size,Metric,0
9/20/2019 10:43:44 PM,System.Runtime,LOH Size,Metric,0
9/20/2019 10:43:44 PM,System.Runtime,Allocation Rate / 1 sec,Rate,8152
9/20/2019 10:43:44 PM,System.Runtime,Number of Assemblies Loaded,Metric,10
9/20/2019 10:43:44 PM,System.Runtime,Number of Active Timers,Metric,0
9/20/2019 10:43:44 PM,System.Runtime,CPU Usage,Metric,0
9/20/2019 10:43:46 PM,System.Runtime,Working Set,Metric,21
9/20/2019 10:43:46 PM,System.Runtime,GC Heap Size,Metric,2
9/20/2019 10:43:46 PM,System.Runtime,Gen 0 GC Count / 0 sec,Rate,0
9/20/2019 10:43:46 PM,System.Runtime,Gen 1 GC Count / 0 sec,Rate,0
9/20/2019 10:43:46 PM,System.Runtime,Gen 2 GC Count / 0 sec,Rate,0
9/20/2019 10:43:46 PM,System.Runtime,Exception Count / 1 sec,Rate,0
9/20/2019 10:43:46 PM,System.Runtime,ThreadPool Thread Count,Metric,0
9/20/2019 10:43:46 PM,System.Runtime,Monitor Lock Contention Count / 1 sec,Rate,0
9/20/2019 10:43:46 PM,System.Runtime,ThreadPool Queue Length,Metric,0
9/20/2019 10:43:46 PM,System.Runtime,ThreadPool Completed Work Item Count / 1 sec,Rate,0
9/20/2019 10:43:46 PM,System.Runtime,% Time in GC since last GC,Metric,0
9/20/2019 10:43:46 PM,System.Runtime,Gen 0 Size,Metric,0
9/20/2019 10:43:46 PM,System.Runtime,Gen 1 Size,Metric,0
9/20/2019 10:43:46 PM,System.Runtime,Gen 2 Size,Metric,0
9/20/2019 10:43:46 PM,System.Runtime,LOH Size,Metric,0
9/20/2019 10:43:46 PM,System.Runtime,Allocation Rate / 1 sec,Rate,0
9/20/2019 10:43:46 PM,System.Runtime,Number of Assemblies Loaded,Metric,10
9/20/2019 10:43:46 PM,System.Runtime,Number of Active Timers,Metric,0
9/20/2019 10:43:46 PM,System.Runtime,CPU Usage,Metric,0
9/20/2019 10:43:47 PM,System.Runtime,Working Set,Metric,21
9/20/2019 10:43:47 PM,System.Runtime,GC Heap Size,Metric,2
9/20/2019 10:43:47 PM,System.Runtime,Gen 0 GC Count / 0 sec,Rate,0
9/20/2019 10:43:47 PM,System.Runtime,Gen 1 GC Count / 0 sec,Rate,0
9/20/2019 10:43:47 PM,System.Runtime,Gen 2 GC Count / 0 sec,Rate,0
9/20/2019 10:43:47 PM,System.Runtime,Exception Count / 1 sec,Rate,0
9/20/2019 10:43:47 PM,System.Runtime,ThreadPool Thread Count,Metric,0
9/20/2019 10:43:47 PM,System.Runtime,Monitor Lock Contention Count / 1 sec,Rate,0
9/20/2019 10:43:47 PM,System.Runtime,ThreadPool Queue Length,Metric,0
9/20/2019 10:43:47 PM,System.Runtime,ThreadPool Completed Work Item Count / 1 sec,Rate,0
9/20/2019 10:43:47 PM,System.Runtime,% Time in GC since last GC,Metric,0
9/20/2019 10:43:47 PM,System.Runtime,Gen 0 Size,Metric,0
9/20/2019 10:43:47 PM,System.Runtime,Gen 1 Size,Metric,0
9/20/2019 10:43:47 PM,System.Runtime,Gen 2 Size,Metric,0
9/20/2019 10:43:47 PM,System.Runtime,LOH Size,Metric,0
9/20/2019 10:43:47 PM,System.Runtime,Allocation Rate / 1 sec,Rate,8168
9/20/2019 10:43:47 PM,System.Runtime,Number of Assemblies Loaded,Metric,10
9/20/2019 10:43:47 PM,System.Runtime,Number of Active Timers,Metric,0
9/20/2019 10:43:47 PM,System.Runtime,CPU Usage,Metric,0
9/20/2019 10:43:48 PM,System.Runtime,Working Set,Metric,21
9/20/2019 10:43:48 PM,System.Runtime,GC Heap Size,Metric,3
9/20/2019 10:43:48 PM,System.Runtime,Gen 0 GC Count / 0 sec,Rate,0
9/20/2019 10:43:48 PM,System.Runtime,Gen 1 GC Count / 0 sec,Rate,0
9/20/2019 10:43:48 PM,System.Runtime,Gen 2 GC Count / 0 sec,Rate,0
9/20/2019 10:43:48 PM,System.Runtime,Exception Count / 1 sec,Rate,0
9/20/2019 10:43:48 PM,System.Runtime,ThreadPool Thread Count,Metric,0
9/20/2019 10:43:48 PM,System.Runtime,Monitor Lock Contention Count / 1 sec,Rate,0
9/20/2019 10:43:48 PM,System.Runtime,ThreadPool Queue Length,Metric,0
9/20/2019 10:43:48 PM,System.Runtime,ThreadPool Completed Work Item Count / 1 sec,Rate,0
9/20/2019 10:43:48 PM,System.Runtime,% Time in GC since last GC,Metric,0
9/20/2019 10:43:48 PM,System.Runtime,Gen 0 Size,Metric,0
9/20/2019 10:43:48 PM,System.Runtime,Gen 1 Size,Metric,0
9/20/2019 10:43:48 PM,System.Runtime,Gen 2 Size,Metric,0
9/20/2019 10:43:48 PM,System.Runtime,LOH Size,Metric,0
9/20/2019 10:43:48 PM,System.Runtime,Allocation Rate / 1 sec,Rate,0
